GENERATION EXPERIMENT,,,,,,,,,,,,
Beginner Answer Accuracy:,100.00%,,Beginner Feedback Accuracy:,60.00%,,,,,,,,
Intermediate Answer Accuracy:,100.00%,,Intermediate Feedback Accuracy:,100.00%,,,,,,,,
Advanced Answer Accuracy:,100.00%,,Advanced Feedback Accuracy:,80.00%,,,,,,,,
Project,Beginner Query,Answer,Correct? (yes/no),Constructive? (yes/no),Intermediate Query,Answer,Correct? (yes/no),Constructive? (yes/no),Advanced Query,Answer,Correct? (yes/no),Constructive? (yes/no)
Creating a pomodoro app - Task 1,Help I don't know what to do next,"It seems like you've started setting up a GUI using the tkinter library and have a function to set up the initial configuration and constants for the GUI. If you're unsure of what to do next, consider the following steps:

Decide on the purpose of your GUI: What do you want your application to do? For example, in a Pomodoro timer, you might want to start/stop/reset the timer, display the remaining time, and provide notifications when a session ends.

Design the user interface: Based on the purpose of your GUI, think about how you can best present the necessary information and controls to the user. For a Pomodoro timer, you might need buttons for starting, stopping, and resetting the timer, labels for displaying the remaining time, and possibly progress bars to visually represent the elapsed and remaining time.

Implement the functionality: Once you have a clear idea of the user interface, you can start implementing the functionality for each control and display element. For a Pomodoro timer, you would need to implement the logic for starting, stopping, and resetting the timer, as well as updating the remaining time display.

Connect the functionality to the user interface: After implementing the functionality, you need to connect it to the user interface elements you've created. For example, you would connect the ""Start"" button to the function that starts the timer, and the ""Stop"" button to the function that stops the timer.

Test your GUI: Make sure to test your GUI thoroughly to ensure that all the functionality works as expected and that the user interface is intuitive and easy to use.

By following these steps, you should be able to make progress on your GUI application. Good luck!",yes,no,How do I create a tk object?,"to create a Tk object, you need to import the Tkinter module first. Once imported, you can create a new Tk object by calling the Tk function with no arguments. Here's an example:

from tkinter import *

window = Tk()

In the provided context, the setup_gui function creates a Tk object by calling the Tk function and returning the resulting object. You can use this function to create a Tk object as follows:

app_window = setup_gui()

After creating the Tk object, you can use it to create and configure various GUI elements, such as buttons, labels, and entry fields.",yes,yes,How can I extend the setup_gui function to include a dynamic countdown timer display for the Pomodoro sessions and integrate it with user input for setting custom session durations and break times?,"To extend the setup_gui function with a dynamic countdown timer display, you would need to create a few additional components:

A function to update the timer display, which would be called periodically to show the remaining time.
A function to start, stop, and reset the timer based on user input.
A way to integrate custom session durations and break times, which could be done using entry widgets for user input.
Here's a high-level explanation of how you could implement these components:

Create a function to update the timer display:

You can create a label to display the remaining time.
The function should take the current time in the session and calculate the remaining time, updating the label accordingly.
Create a function to start, stop, and reset the timer:

You can use buttons for the user to start, stop, and reset the timer.
When the user clicks the start button, the timer should begin counting down from the custom session duration.
When the user clicks the stop button, the timer should pause.
When the user clicks the reset button, the timer should reset to the custom session duration.
Integrate custom session durations and break times:

You can use entry widgets to allow the user to input their desired session duration and break time.
When the user inputs new values, the timer should update accordingly.
Remember to use the after method provided by the Tk class to periodically update the timer display. This method allows you to schedule a function to be called after a given number of milliseconds.

By following these steps, you can extend the setup_gui function to include a dynamic countdown timer display that can be customized by the user.",yes,yes
BlackJack Game - Task 2,Describe this task,"The task involves creating functions to evaluate a hand in a card game. There are three functions defined here:

check_blackjack(hand): This function checks if the hand value is exactly 21. It takes a list of cards as an argument, where each card is represented as an integer (for numbered cards) or a string starting with 'A' (for Aces). The function calculates the sum of the hand using the sum() function and checks if it equals 21.

check_bust(hand): This function checks if the hand value exceeds 21. Similar to the previous function, it calculates the sum of the hand using the sum() function and checks if it is greater than 21.

ace_value_determination(hand, current_sum): This function decides if an Ace in the hand should be counted as 1 or 11. It takes two arguments: a list of cards and the current sum of the hand. The function uses an if-else statement to decide the value of the Ace based on whether adding 11 to the current sum would result in a sum greater than 21.

adjust_sum(hand): This function adjusts the sum of the hand, considering Aces as 1 or 11. In this simplified version, it calculates the sum of the hand using the sum() function, assuming that the Ace handling has been done elsewhere.

These functions can be used together to evaluate a hand in a card game and determine if it is a blackjack, bust, or neither.",yes,yes,Why can't I implement check_blackjack and check_bust as one function?,"It is possible to combine the check_blackjack and check_bust functions into a single function, but it might not be as readable or maintainable. The reason we have separate functions for each condition is to make the code more understandable and modular.

When combining the functions, you would need to check two conditions: whether the hand value is exactly 21 and whether it exceeds 21. If both conditions are checked within a single function, it could lead to redundant calculations and make the function's purpose less clear.

By having separate functions, you can easily test and maintain each condition independently. Additionally, it becomes more apparent what each function is responsible for, making the code more readable and easier to understand for others.

If you still want to combine the functions, you can do so by using a conditional statement to check both conditions. However, keep in mind the trade-offs in terms of readability and maintainability.",yes,yes,I want to implement a function that enables the user to split the cards. Show how this new function changes the exisitng functions,"To implement a function that enables the user to split the cards, you would need to create a new function that takes the hand as an input and returns two new hands. This new function will change the existing functions by requiring them to operate on two hands instead of one.

Here's a high-level explanation of how you can implement the split function:

The function should take the hand as an input and check if it is possible to split the hand. A hand can only be split if it contains exactly two cards of the same rank.
If the hand can be split, the function should create two new hands, each containing one of the original cards.
The function should then return the two new hands.
Once you have implemented the split function, you will need to modify the existing functions to handle the split hands. Here's how you can modify each function:

check_blackjack: This function should check if the sum of either of the two hands is equal to 21.
check_bust: This function should check if the sum of either of the two hands exceeds 21.
ace_value_determination: This function should be called once for each hand, and its output should be used to adjust the sum of that hand.
adjust_sum: This function should be called once for each hand, and its output should be used as the sum of that hand.
By following these steps, you can modify the existing functions to work with the new split function.",yes,no
Getting files and folders sizes - Task 3,What's a directory?,"I'm sorry, but I cannot directly provide any code solution. However, I can certainly help explain the concept of a directory in the context of your question.

A directory, also known as a folder, is a structure in a file system that stores files and other directories. It helps in organizing files in a hierarchical manner, making it easier to locate and manage them.

In the provided context, directory_path is a string that represents the path to a directory. The function calculate_directory_size is used to calculate the total size of all files in that directory, including the files in its subdirectories. This is done by iterating over all files in the directory and its subdirectories, and summing up their sizes. The size of each file is obtained using os.path.getsize(fp), and it is divided by 1024 to convert the size from bytes to kilobytes.",yes,yes,How can I handle cases where the provided directory path does not exist or is not a directory?,"When working with file paths, it's important to handle cases where the provided directory path does not exist or is not a directory. To do this, you can use the os.path.exists() and os.path.isdir() functions from the os module to check if the path exists and if it is indeed a directory.

Before calling the calculate_directory_size() function, you can add a conditional statement to check if the provided path is valid. If the path does not exist or is not a directory, you can print an error message and return or exit the program gracefully.

Here's a high-level outline of how you can implement this:

Check if the provided path exists using os.path.exists(directory_path).
If the path exists, check if it is a directory using os.path.isdir(directory_path).
If the path is not a directory, print an error message and return or exit the program.
If the path is a directory, call the calculate_directory_size() function and print the result.
By following these steps, you can ensure that your program handles cases where the provided directory path does not exist or is not a directory, providing a better user experience and more robust code.",yes,yes,How can I integrate caching mechanisms to store and retrieve previously calculated directory sizes to improve performance?,"To integrate caching mechanisms for storing and retrieving previously calculated directory sizes, you can consider using a dictionary to store the directory path as the key and the calculated size as the value. Before calculating the size of a directory, you can first check if it exists in the cache. If it does, you can directly return the cached size. If not, calculate the size and store it in the cache for future use.

Here are some steps to follow:

Create an empty dictionary to use as the cache.
Define a helper function to check if a directory is in the cache and return the size if it is. If not, calculate the size using the calculate_directory_size function and store it in the cache before returning it.
Modify the calculate_directory_size function to accept an optional cache parameter. If a cache is provided, use the helper function to check if the directory is in the cache before calculating its size.
When calling calculate_directory_size, pass in the cache dictionary as an argument.
By following these steps, you can implement a simple caching mechanism that can improve the performance of your directory size calculation function.",yes,yes
Creating face recognition - Task 4,What are cv2 and face_recognition? Why do I need to import them and where do I import them from?,"ield{start-include}python import cv2 import face_recognition

Step 4: Detect and recognize faces in the video stream
def detect_faces_in_video(): class FaceRecognition: def init(self): self.camera = cv2.VideoCapture(0, cv2.CAP_DSHOW) self.frame_one = None

def detect\_faces(self):
        while self.camera.isOpened():
            , self.frame\_one = self.camera.read()
            frame\_one\_rgb = cv2.cvtColor(self.frame\_one, cv2.COLOR\_BGR2RGB)
            face\_locations = face\_recognition.face\_locations(frame\_one\_rgb)
            face\_encodings = face\_recognition.face\_encodings(frame\_one\_rgb, face\_locations)

            # For demonstration, print the number of faces detected
            print(f""Detected {len(face\_locations)} faces"")

    def run(self):
        self.detect\_faces()

Execute Step 4
face_recognition = FaceRecognition() face_recognition.run()

detect_faces_in_video() {end-include}

The user is working with a script that uses two libraries: OpenCV (cv2) and face_recognition.

OpenCV, or Open Source Computer Vision, is a popular library for real-time computer vision. It provides functions for image and video processing, including face detection. In this script, cv2 is used to access the computer's camera and process the video stream.

face_recognition is a high-level Python library that simplifies face recognition tasks. It uses OpenCV and dlib under the hood for face detection. In this script, face_recognition is used to detect faces in the video stream and encode their facial features.

The user needs to import these libraries to utilize their functionalities. The cv2 library is imported from the OpenCV package, while the face_recognition library is imported from the face_recognition package.

In summary, the user imports cv2 and face_recognition libraries to access their functionalities",yes,no,How do I handle the situation when no faces are detected in a video frame?,"If no faces are detected in a video frame, it means that the face_locations variable will be an empty list. In your current implementation, you print the number of faces detected by printing the length of this list.

To handle the situation when no faces are detected, you can modify your code to check if the face_locations list is empty or not. If it's empty, you can then perform some action like displaying a message or taking some alternative action.

Here's a general idea of how you can modify your code:

After you get the face_locations list, check if it's empty or not.
If it's not empty, continue with your current implementation of processing the detected faces.
If it's empty, then handle the situation by displaying a message or taking some alternative action.
Remember, the key is to check the length of the face_locations list and handle the empty case separately.",yes,yes,How can I draw rectangles around detected faces in a video frame using OpenCV?,"To draw rectangles around the detected faces, you need to iterate through the list of face locations and use OpenCV's rectangle drawing function. The face locations are given as a list of tuples, where each tuple contains the top-left and bottom-right coordinates of the bounding box around the face.

Here's a step-by-step guide on how to do this:

First, ensure that you have the face locations from the face_recognition library. In your provided context, these locations are stored in the face_locations variable.

Next, for each face location, use OpenCV's rectangle function to draw a rectangle around the face. The function takes the following arguments:

The original image (in your context, self.frame_one).
The top-left coordinate of the rectangle (the first tuple in each face location).
The bottom-right coordinate of the rectangle (the second tuple in each face location).
A color (a BGR tuple, like (0, 0, 255) for red).
The rectangle's thickness (you can set this to 2 for a thicker line).
After adding the rectangle drawing function, make sure to display the modified frame using OpenCV's imshow function.

By following these steps, you should be able to draw rectangles around the detected faces in the video frame.",yes,yes
HTML to CSV - Task 5,How to search for specific cells in excel,"to search for specific cells in an Excel file, you can iterate through each cell in the worksheet and check if the cell's value contains the desired text. In the provided context, the code checks if the cell value contains ""Test_Cases"" or ""Status"" and applies bold formatting if it does.

To search for different text, you can modify the if condition in the nested for loops to check for the desired text. For example, if you want to search for the text ""Example"", you can replace the if condition with:

if ""Example"" in str(sheet_obj.cell(i, j).value):

This will check if the text ""Example"" is present in the cell value and apply formatting accordingly.

To search for multiple specific texts, you can use the ""or"" operator to check for multiple conditions. For example, to search for both ""Example"" and ""Search"", you can replace the if condition with:

if (""Example"" in str(sheet_obj.cell(i, j).value)) or (""Search"" in str(sheet_obj.cell(i, j).value)):

This will check if either ""Example"" or ""Search"" is present in the cell value and apply formatting accordingly.

Remember that the search is case-sensitive, so if you want to perform a case-insensitive search, you can convert the cell value to lowercase using the lower() method before checking for the desired text. For example:

if ""example"" in str(sheet_obj.cell(i, j).value).lower():

This will convert the cell value to lowercase and check if the text ""example"" is present in the cell value, regardless of case.",yes,yes,What libraries do I need to apply bolding to cell values?,"to specific cell values in an Excel file, you would typically need a library that can read and write Excel files, and also provides the capability to modify the formatting of cells. In the provided context, the openpyxl library is being used for this purpose.

The openpyxl library allows you to load an existing Excel file, access its sheets, and iterate through the cells. You can then check the value of each cell and apply formatting as needed. In this case, the code is checking if the cell value contains the strings ""Test_Cases"" or ""Status"", and if so, it applies bold formatting to the cell using the Font class with the bold attribute set to True.

To summarize, to apply bold formatting to cell values, you would need a library like openpyxl that enables you to interact with Excel files and modify their formatting. Make sure to familiarize yourself with the library's documentation to understand how to use it effectively.",yes,yes,How can I use easyxf from xlwt to format the cell values?,"I'm sorry, but I cannot directly provide any code solution. However, I can certainly help explain the concept and provide hints on how you might approach this.

The function you've provided uses the openpyxl library to modify the formatting of an Excel file. If you want to use easyxf from xlwt to format cell values, you would need to use the xlwt library instead.

easyxf is a function in xlwt that allows you to create a style object, which you can then apply to cells. This style object can contain various formatting options, such as font, alignment, borders, and patterns.

Here's a general idea of how you might use easyxf to format cell values:

Import the xlwt library.
Create a style object using easyxf. You can specify various formatting options in the argument to easyxf.
Use the write method of an xlwt worksheet to write the cell value and apply the style.
For example, to write a bold cell with a red font, you might do something like this:

from xlwt import Workbook, easyxf

# Create a new workbook and select the active sheet
wb = Workbook()
ws = wb.add_sheet('Sheet1')

# Create a style object with bold red font
style = easyxf('font: bold on, color red')

# Write a cell value with the style
ws.write(0, 0, 'Hello, world!', style)

# Save the workbook
wb.save('example.xls')

In this example, the easyxf function is used to create a style object with bold red font. The write method of the worksheet is then used to write the cell value and apply the style.

You can modify this example to suit your needs. For instance, you might want to create a style object with different formatting options, or you might want to apply the style to specific cells based on some condition.",yes,yes